Workbook
Name Slicer_Country: #N/A
Name Slicer_Gender: #N/A
Name Slicer_Product_Category: #N/A

Sheet Sales Dataset
A1: Customer_ID | B1: Gender | C1: Age | D1: Country | E1: Device_Type | F1: Product_Category | G1: Time_Spent_Minutes | H1: Items_Viewed | I1: Items_Purchased | J1: Total_Spent_usd | K1: Buyer Status | L1: Age Group | M1: High Spender | P1: Q1 Total count of mobile users in India
A2: CUST_1 | B2: Male | C2: 40 | D2: Australia | E2: Tablet | F2: Clothing | G2: 87 | H2: 12 | I2: 8 | J2: 1187 | K2: Buyer | L2: 36-45 | M2: High Spender | P2: A: 85
A3: CUST_2 | B3: Female | C3: 38 | D3: Pakistan | E3: Tablet | F3: Electronics | G3: 71 | H3: 22 | I3: 3 | J3: 153 | K3: Buyer | L3: 36-45 | M3: Regular | P3: Q2 Total spending by female customers on electronics purchases
A4: CUST_3 | B4: Male | C4: 36 | D4: UK | E4: Tablet | F4: Clothing | G4: 59 | H4: 20 | I4: 8 | J4: 1055 | K4: Buyer | L4: 36-45 | M4: High Spender | P4: A: 121770
A5: CUST_4 | B5: Male | C5: 36 | D5: Pakistan | E5: Mobile | F5: Clothing | G5: 39 | H5: 18 | I5: 3 | J5: 991 | K5: Buyer | L5: 36-45 | M5: Regular | P5: Q3 Average time spend by customers who made zero purchases
A6: CUST_5 | B6: Male | C6: 53 | D6: Canada | E6: Desktop | F6: Electronics | G6: 3 | H6: 1 | I6: 1 | J6: 588 | K6: Buyer | L6: 46-55 | M6: Regular | P6: A: 06:53:54
A7: CUST_6 | B7: Female | C7: 46 | D7: UK | E7: Desktop | F7: Books | G7: 76 | H7: 30 | I7: 3 | J7: 252 | K7: Buyer | L7: 46-55 | M7: Regular | P7: Q4 Highest amount of sales
A8: CUST_7 | B8: Male | C8: 35 | D8: USA | E8: Mobile | F8: Home | G8: 7 | H8: 33 | I8: 5 | J8: 1129 | K8: Buyer | L8: 26-35 | M8: High Spender | P8: A: 1499
A9: CUST_8 | B9: Male | C9: 19 | D9: Canada | E9: Desktop | F9: Electronics | G9: 49 | H9: 24 | I9: 5 | J9: 706 | K9: Buyer | L9: 18-25 | M9: Regular | P9: Q5 Lowest amount of sales
A10: CUST_9 | B10: Male | C10: 18 | D10: UK | E10: Tablet | F10: Sports | G10: 26 | H10: 14 | I10: 4 | J10: 100 | K10: Buyer | L10: 18-25 | M10: Regular | P10: A: 5
A11: CUST_10 | B11: Female | C11: 64 | D11: Australia | E11: Desktop | F11: Books | G11: 33 | H11: 36 | I11: 0 | J11: 1412 | K11: Browser | L11: 56-65 | M11: High Spender | P11: Q6 Total sales
A12: CUST_11 | B12: Male | C12: 22 | D12: Australia | E12: Desktop | F12: Books | G12: 101 | H12: 5 | I12: 2 | J12: 286 | K12: Buyer | L12: 18-25 | M12: Regular | P12: A: 1401306
A13: CUST_12 | B13: Male | C13: 37 | D13: Australia | E13: Desktop | F13: Sports | G13: 48 | H13: 11 | I13: 4 | J13: 326 | K13: Buyer | L13: 36-45 | M13: Regular | P13: Q7 Total number of customers
A14: CUST_13 | B14: Male | C14: 28 | D14: Australia | E14: Tablet | F14: Home | G14: 79 | H14: 24 | I14: 5 | J14: 1424 | K14: Buyer | L14: 26-35 | M14: High Spender | P14: A: 1801
A15: CUST_14 | B15: Male | C15: 59 | D15: USA | E15: Mobile | F15: Books | G15: 2 | H15: 31 | I15: 0 | J15: 1306 | K15: Browser | L15: 56-65 | M15: High Spender
A16: CUST_15 | B16: Female | C16: 19 | D16: Pakistan | E16: Tablet | F16: Clothing | G16: 105 | H16: 13 | I16: 8 | J16: 533 | K16: Buyer | L16: 18-25 | M16: Regular
A17: CUST_16 | B17: Male | C17: 20 | D17: UK | E17: Mobile | F17: Home | G17: 71 | H17: 16 | I17: 2 | J17: 267 | K17: Buyer | L17: 18-25 | M17: Regular
A18: CUST_17 | B18: Female | C18: 40 | D18: USA | E18: Mobile | F18: Sports | G18: 32 | H18: 24 | I18: 9 | J18: 584 | K18: Buyer | L18: 36-45 | M18: Regular
A19: CUST_18 | B19: Female | C19: 29 | D19: Australia | E19: Mobile | F19: Home | G19: 4 | H19: 13 | I19: 2 | J19: 1321 | K19: Buyer | L19: 26-35 | M19: High Spender
A20: CUST_19 | B20: Female | C20: 37 | D20: Pakistan | E20: Desktop | F20: Electronics | G20: 20 | H20: 24 | I20: 1 | J20: 298 | K20: Buyer | L20: 36-45 | M20: Regular
A21: CUST_20 | B21: Male | C21: 22 | D21: Canada | E21: Desktop | F21: Home | G21: 114 | H21: 26 | I21: 7 | J21: 399 | K21: Buyer | L21: 18-25 | M21: Regular
A22: CUST_21 | B22: Female | C22: 54 | D22: Canada | E22: Mobile | F22: Clothing | G22: 117 | H22: 2 | I22: 2 | J22: 517 | K22: Buyer | L22: 46-55 | M22: Regular
A23: CUST_22 | B23: Male | C23: 55 | D23: Canada | E23: Mobile | F23: Electronics | G23: 36 | H23: 16 | I23: 5 | J23: 925 | K23: Buyer | L23: 46-55 | M23: Regular
A24: CUST_23 | B24: Female | C24: 47 | D24: Australia | E24: Desktop | F24: Beauty | G24: 32 | H24: 38 | I24: 1 | J24: 814 | K24: Buyer | L24: 46-55 | M24: Regular
A25: CUST_24 | B25: Female | C25: 26 | D25: Canada | E25: Tablet | F25: Sports | G25: 28 | H25: 46 | I25: 6 | J25: 1208 | K25: Buyer | L25: 26-35 | M25: High Spender
A26: CUST_25 | B26: Female | C26: 51 | D26: India | E26: Mobile | F26: Sports | G26: 77 | H26: 1 | I26: 3 | J26: 924 | K26: Buyer | L26: 46-55 | M26: Regular
... A1801: CUST_1800 | B1801: Male | C1801: 57 | D1801: Canada | E1801: Mobile | F1801: Clothing | G1801: 68 | H1801: 44 | I1801: 0 | J1801: 472 | K1801: Browser | L1801: 56-65 | M1801: Regular

Sheet lookup
A1: Customer_ID | B1: Country | C1: Total_Spent_usd
A2: CUST_1 | B2: Australia | C2: 1187
A3: CUST_2 | B3: Pakistan | C3: 153
A4: CUST_3 | B4: UK | C4: 1055
A5: CUST_4 | B5: Pakistan | C5: 991
A6: CUST_5 | B6: Canada | C6: 588
A7: CUST_6 | B7: =_xlfn.XLOOKUP(A7,'Sales Dataset'!A:A,'Sales Dataset'!D:D) -> UK | C7: =_xlfn.XLOOKUP(A7,'Sales Dataset'!A:A,'Sales Dataset'!J:J) -> 252
A8: CUST_7 | B8: =_xlfn.XLOOKUP(A8,'Sales Dataset'!A:A,'Sales Dataset'!D:D) -> USA | C8: =_xlfn.XLOOKUP(A8,'Sales Dataset'!A:A,'Sales Dataset'!I:I) -> 5
A9: CUST_8 | B9: =_xlfn.XLOOKUP(A9,'Sales Dataset'!A:A,'Sales Dataset'!D:D) -> Canada | C9: =_xlfn.XLOOKUP(lookup!A9,'Sales Dataset'!A:A,'Sales Dataset'!I:I) -> 5
A10: CUST_9 | B10: Canada | C10: 589
A11: CUST_10 | B11: =_xlfn.XLOOKUP(A11,'Sales Dataset'!A:A,'Sales Dataset'!D:D) -> Australia | C11: =_xlfn.XLOOKUP(A11,'Sales Dataset'!A:A,'Sales Dataset'!J:J) -> 1412
A12: CUST_11 | B12: =_xlfn.XLOOKUP(A12,'Sales Dataset'!A:A,'Sales Dataset'!D:D) -> Australia | C12: =_xlfn.XLOOKUP(A12,'Sales Dataset'!A:A,'Sales Dataset'!I:I) -> 2
A13: CUST_12 | B13: =_xlfn.XLOOKUP(A13,'Sales Dataset'!A:A,'Sales Dataset'!D:D) -> Australia | C13: =_xlfn.XLOOKUP(lookup!A13,'Sales Dataset'!A:A,'Sales Dataset'!I:I) -> 4
A14: CUST_13 | B14: Canada | C14: 590
A15: CUST_14 | B15: =_xlfn.XLOOKUP(A15,'Sales Dataset'!A:A,'Sales Dataset'!D:D) -> USA | C15: =_xlfn.XLOOKUP(A15,'Sales Dataset'!A:A,'Sales Dataset'!J:J) -> 1306
A16: CUST_15 | B16: =_xlfn.XLOOKUP(A16,'Sales Dataset'!A:A,'Sales Dataset'!D:D) -> Pakistan | C16: =_xlfn.XLOOKUP(A16,'Sales Dataset'!A:A,'Sales Dataset'!I:I) -> 8
A17: CUST_16 | B17: =_xlfn.XLOOKUP(A17,'Sales Dataset'!A:A,'Sales Dataset'!D:D) -> UK | C17: =_xlfn.XLOOKUP(lookup!A17,'Sales Dataset'!A:A,'Sales Dataset'!I:I) -> 2
A18: CUST_17 | B18: Canada | C18: 591
A19: CUST_18 | B19: =_xlfn.XLOOKUP(A19,'Sales Dataset'!A:A,'Sales Dataset'!D:D) -> Australia | C19: =_xlfn.XLOOKUP(A19,'Sales Dataset'!A:A,'Sales Dataset'!J:J) -> 1321
A20: CUST_19 | B20: =_xlfn.XLOOKUP(A20,'Sales Dataset'!A:A,'Sales Dataset'!D:D) -> Pakistan | C20: =_xlfn.XLOOKUP(A20,'Sales Dataset'!A:A,'Sales Dataset'!I:I) -> 1
A21: CUST_20 | B21: =_xlfn.XLOOKUP(A21,'Sales Dataset'!A:A,'Sales Dataset'!D:D) -> Canada | C21: =_xlfn.XLOOKUP(lookup!A21,'Sales Dataset'!A:A,'Sales Dataset'!I:I) -> 7

Sheet Pivot Table and chart
A3: Row Labels | B3: Sum of Total_Spent_usd | D3: Row Labels | E3: Average of Time_Spent_Minutes | I3: Sum of Total_Spent_usd | J3: Column Labels | P3: Average of Time_Spent_Minutes | Q3: Column Labels | V3: Average of Items_Purchased | W3: Column Labels
A4: Beauty | B4: 220876 | D4: 18-25 | E4: 59.581081 | I4: Row Labels | J4: Desktop | K4: Mobile | L4: Tablet | M4: Grand Total | P4: Row Labels | Q4: Desktop | R4: Mobile | S4: Tablet | T4: Grand Total | V4: Row Labels | W4: Desktop | X4: Mobile | Y4: Tablet | Z4: Grand Total
A5: Books | B5: 215619 | D5: 26-35 | E5: 58.145833 | I5: Beauty | J5: 74052 | K5: 61412 | L5: 85412 | M5: 220876 | P5: Australia | Q5: 59.284314 | R5: 62.329897 | S5: 54.434783 | T5: 58.766323 | V5: Female | W5: 4.4584838 | X5: 4.7755102 | Y5: 4.4119497 | Z5: 4.5466817
A6: Clothing | B6: 285868 | D6: 36-45 | E6: 63.246787 | I6: Books | J6: 69527 | K6: 73695 | L6: 72397 | M6: 215619 | P6: Canada | Q6: 64.342857 | R6: 62.825581 | S6: 59.991228 | T6: 62.288525 | V6: Male | W6: 4.5232198 | X6: 4.7695167 | Y6: 4.7210031 | Z6: 4.6652031
A7: Electronics | B7: 233801 | D7: 46-55 | E7: 62.289817 | I7: Clothing | J7: 91943 | K7: 80488 | L7: 113437 | M7: 285868 | P7: India | Q7: 65.83908 | R7: 57.8 | S7: 59.934066 | T7: 61.197719 | V7: Grand Total | W7: 4.4933333 | X7: 4.7726465 | Y7: 4.566719 | Z7: 4.6066667
A8: Home | B8: 207693 | D8: 56-65 | E8: 59.068966 | I8: Electronics | J8: 78371 | K8: 69646 | L8: 85784 | M8: 233801 | P8: Pakistan | Q8: 64.056604 | R8: 60.194175 | S8: 60.371901 | T8: 61.5
A9: Sports | B9: 237449 | D9: Grand Total | E9: 60.544444 | I9: Home | J9: 66442 | K9: 70343 | L9: 70908 | M9: 207693 | P9: UK | Q9: 58.740385 | R9: 59.885057 | S9: 60.142857 | T9: 59.574324
A10: Grand Total | B10: 1401306 | I10: Sports | J10: 78579 | K10: 80565 | L10: 78305 | M10: 237449 | P10: USA | Q10: 58.6875 | R10: 61.457143 | S10: 59.385965 | T10: 59.863492
I11: Grand Total | J11: 458914 | K11: 436149 | L11: 506243 | M11: 1401306 | P11: Grand Total | Q11: 61.773333 | R11: 60.790409 | S11: 59.169545 | T11: 60.544444

Sheet Dashboard
J2: ONLINE SALES DASHBOARD
J3: Performance|Insight|Report
